{
  "localSelecionado": "teatro",
  "resumoAgendamento": {
    "evento": [
      {
        "date": "2025-08-19T03:00:00.000Z",
        "start": "16:00",
        "end": "20:30"
      }
    ]
  },
  "dadosPessoa": {
    "tipo": "fisica",
    "nomeCompleto": "CRISTIANO DA SILVA MARIANO",
    "email": "cristianosilva.ufsc@gmail.com",
    "telefone": "48996139640",
    "endereco": {
      "cep": "88040-401",
      "logradouro": "Avenida Desembargador Vítor Lima",
      "numero": "700",
      "bairro": "Carvoeira",
      "cidade": "Florianópolis",
      "uf": "SC"
    },
    "curriculo": {},
    "documentoCPF": {}
  },
  "dadosProposta": {
    "vinculo": false,
    "descricaoVinculo": "",
    "arquivoComprovante": null,
    "nomeEvento": "hhu",
    "areaSegmento": [
      "Artes Visuais",
      "Audiovisual"
    ],
    "finalidade": [
      "Exposição"
    ],
    "sinopse": "huh",
    "relevanciaSocial": "ygy",
    "especificacoesTecnicas": "",
    "linksProposta": [],
    "linksOutros": [],
    "arquivoProposta": null,
    "outrosArquivos": null,
    "fichaTecnica": {}
  },
  "dadosAcessibilidade": {
    "disponibiliza": "Não"
  },
  "dadosGratuidade": {
    "gratuito": "sim",
    "observacoes": ""
  },
  "arquivos": {}
}